Gene,Start
WBGene00021332,17
WBGene00021766,16
WBGene00019716,15
WBGene00012719,15
WBGene00022280,12
WBGene00012584,11
WBGene00019698,11
WBGene00007486,11
WBGene00021751,10
WBGene00018837,10
WBGene00021009,10
WBGene00000553,9
WBGene00010160,9
WBGene00010334,9
WBGene00021036,9
WBGene00020199,8
WBGene00021423,8
WBGene00009297,8
WBGene00021697,8
WBGene00006436,8
WBGene00013075,8
WBGene00022087,8
WBGene00010521,8
WBGene00021425,7
WBGene00001636,7
WBGene00004215,7
WBGene00021685,7
WBGene00012676,7
WBGene00000898,6
WBGene00012158,6
WBGene00006986,6
WBGene00021440,6
WBGene00018468,6
WBGene00009853,6
WBGene00002280,6
WBGene00018388,6
WBGene00000527,6
WBGene00020520,6
WBGene00016514,6
WBGene00012362,6
WBGene00011522,6
WBGene00013549,6
WBGene00002176,6
WBGene00021281,5
WBGene00006140,5
WBGene00021808,5
WBGene00020598,5
WBGene00013732,5
WBGene00008438,5
WBGene00000793,5
WBGene00001186,5
WBGene00013485,5
WBGene00004403,5
WBGene00012474,5
WBGene00000797,5
WBGene00005408,5
WBGene00022388,5
WBGene00000367,5
WBGene00006876,5
WBGene00021507,5
WBGene00002163,5
WBGene00013158,5
WBGene00000168,5
WBGene00022361,5
WBGene00022389,5
WBGene00010161,5
WBGene00002243,5
WBGene00044701,4
WBGene00005690,4
WBGene00018777,4
WBGene00018794,4
WBGene00008140,4
WBGene00001813,4
WBGene00018734,4
WBGene00022374,4
WBGene00013530,4
WBGene00017900,4
WBGene00001439,4
WBGene00000160,4
WBGene00001494,4
WBGene00013730,4
WBGene00004739,4
WBGene00012316,4
WBGene00013558,4
WBGene00010150,4
WBGene00021549,4
WBGene00007438,4
WBGene00015916,4
WBGene00008443,4
WBGene00001630,4
WBGene00022450,4
WBGene00005590,4
WBGene00012775,4
WBGene00021444,4
WBGene00021689,4
WBGene00013124,4
WBGene00012989,4
WBGene00018898,4
WBGene00001556,4
WBGene00007176,4
WBGene00003380,4
WBGene00001258,4
WBGene00011246,4
WBGene00004314,4
WBGene00012845,4
WBGene00005847,4
WBGene00003025,4
WBGene00021811,4
WBGene00003709,4
WBGene00021327,4
WBGene00019261,4
WBGene00019169,4
WBGene00021783,4
WBGene00002025,4
WBGene00006468,4
WBGene00009234,4
WBGene00206377,4
WBGene00001557,4
WBGene00008052,4
WBGene00013934,4
WBGene00016698,4
WBGene00007027,4
WBGene00022285,4
WBGene00008081,4
WBGene00021858,4
WBGene00009178,4
WBGene00012828,4
WBGene00016970,3
WBGene00013557,3
WBGene00022199,3
WBGene00013620,3
WBGene00013580,3
WBGene00005973,3
WBGene00016935,3
WBGene00003150,3
WBGene00022281,3
WBGene00013240,3
WBGene00013425,3
WBGene00013447,3
WBGene00003916,3
WBGene00001616,3
WBGene00016913,3
WBGene00002078,3
WBGene00002151,3
WBGene00021752,3
WBGene00021738,3
WBGene00015268,3
WBGene00015422,3
WBGene00015425,3
WBGene00015429,3
WBGene00021698,3
WBGene00016524,3
WBGene00002975,3
WBGene00015586,3
WBGene00015606,3
WBGene00015754,3
WBGene00021596,3
WBGene00002230,3
WBGene00021564,3
WBGene00002845,3
WBGene00006536,3
WBGene00021443,3
WBGene00006697,3
WBGene00006411,3
WBGene00021820,3
WBGene00006383,3
WBGene00013764,3
WBGene00013667,3
WBGene00007433,3
WBGene00001660,3
WBGene00013680,3
WBGene00022104,3
WBGene00013683,3
WBGene00013690,3
WBGene00013738,3
WBGene00013742,3
WBGene00019832,3
WBGene00006993,3
WBGene00016769,3
WBGene00013789,3
WBGene00013825,3
WBGene00013171,3
WBGene00021237,3
WBGene00001863,3
WBGene00001997,3
WBGene00021856,3
WBGene00014101,3
WBGene00021936,3
WBGene00013111,3
WBGene00018877,3
WBGene00000421,3
WBGene00012386,3
WBGene00045058,3
WBGene00020102,3
WBGene00018776,3
WBGene00000402,3
WBGene00020088,3
WBGene00000269,3
WBGene00010870,3
WBGene00044440,3
WBGene00000231,3
WBGene00012718,3
WBGene00012730,3
WBGene00008444,3
WBGene00019168,3
WBGene00044239,3
WBGene00012363,3
WBGene00004347,3
WBGene00012896,3
WBGene00011456,3
WBGene00195512,3
WBGene00019020,3
WBGene00011867,3
WBGene00009292,3
WBGene00189954,3
WBGene00012005,3
WBGene00012017,3
WBGene00009166,3
WBGene00009126,3
WBGene00012117,3
WBGene00012127,3
WBGene00200126,3
WBGene00012149,3
WBGene00003660,3
WBGene00011479,3
WBGene00004128,3
WBGene00004754,3
WBGene00019064,3
WBGene00008307,3
WBGene00004947,3
WBGene00019774,3
WBGene00013034,3
WBGene00004905,3
WBGene00010421,3
WBGene00013014,3
WBGene00013006,3
WBGene00013002,3
WBGene00003892,3
WBGene00000020,3
WBGene00010744,3
WBGene00003905,3
WBGene00008018,3
WBGene00022697,3
WBGene00004862,3
WBGene00012973,3
WBGene00010039,3
WBGene00001481,3
WBGene00022491,3
WBGene00012935,3
WBGene00016238,2
WBGene00004220,2
WBGene00003964,2
WBGene00016242,2
WBGene00016624,2
WBGene00016249,2
WBGene00016313,2
WBGene00003961,2
WBGene00019183,2
WBGene00016562,2
WBGene00003932,2
WBGene00016354,2
WBGene00019237,2
WBGene00003970,2
WBGene00019250,2
WBGene00016423,2
WBGene00016558,2
WBGene00004076,2
WBGene00019538,2
WBGene00004116,2
WBGene00006496,2
WBGene00016523,2
WBGene00019376,2
WBGene00004149,2
WBGene00019564,2
WBGene00016396,2
WBGene00006486,2
WBGene00004063,2
WBGene00019253,2
WBGene00019360,2
WBGene00016534,2
WBGene00004164,2
WBGene00004181,2
WBGene00004182,2
WBGene00019719,2
WBGene00019733,2
WBGene00004187,2
WBGene00019546,2
WBGene00019285,2
WBGene00017344,2
WBGene00019029,2
WBGene00018060,2
WBGene00004795,2
WBGene00006127,2
WBGene00004830,2
WBGene00016981,2
WBGene00018373,2
WBGene00004879,2
WBGene00004880,2
WBGene00016984,2
WBGene00018258,2
WBGene00006064,2
WBGene00018212,2
WBGene00017052,2
WBGene00018037,2
WBGene00018964,2
WBGene00005885,2
WBGene00017141,2
WBGene00004981,2
WBGene00017970,2
WBGene00005844,2
WBGene00005743,2
WBGene00005726,2
WBGene00017891,2
WBGene00005674,2
WBGene00005629,2
WBGene00005044,2
WBGene00005234,2
WBGene00018501,2
WBGene00018514,2
WBGene00018547,2
WBGene00018641,2
WBGene00018923,2
WBGene00006382,2
WBGene00006369,2
WBGene00006364,2
WBGene00005562,2
WBGene00018869,2
WBGene00016735,2
WBGene00006349,2
WBGene00018854,2
WBGene00018812,2
WBGene00018787,2
WBGene00018782,2
WBGene00004508,2
WBGene00004728,2
WBGene00016801,2
WBGene00006261,2
WBGene00006201,2
WBGene00004735,2
WBGene00018710,2
WBGene00018700,2
WBGene00018694,2
WBGene00016855,2
WBGene00016860,2
WBGene00004751,2
WBGene00016903,2
WBGene00006604,2
WBGene00000010,2
WBGene00016103,2
WBGene00012348,2
WBGene00008755,2
WBGene00008783,2
WBGene00012461,2
WBGene00008809,2
WBGene00008822,2
WBGene00008824,2
WBGene00012421,2
WBGene00012394,2
WBGene00008932,2
WBGene00011829,2
WBGene00008945,2
WBGene00012308,2
WBGene00008975,2
WBGene00008979,2
WBGene00012220,2
WBGene00009242,2
WBGene00011940,2
WBGene00009318,2
WBGene00012524,2
WBGene00008740,2
WBGene00012555,2
WBGene00012631,2
WBGene00012969,2
WBGene00012948,2
WBGene00008366,2
WBGene00012908,2
WBGene00012907,2
WBGene00012901,2
WBGene00012875,2
WBGene00008389,2
WBGene00008402,2
WBGene00012812,2
WBGene00012767,2
WBGene00008441,2
WBGene00012756,2
WBGene00012697,2
WBGene00012674,2
WBGene00012664,2
WBGene00012632,2
WBGene00011910,2
WBGene00011803,2
WBGene00008250,2
WBGene00010061,2
WBGene00010849,2
WBGene00010843,2
WBGene00010006,2
WBGene00010793,2
WBGene00010776,2
WBGene00010060,2
WBGene00010741,2
WBGene00010721,2
WBGene00010686,2
WBGene00009408,2
WBGene00010673,2
WBGene00010146,2
WBGene00010537,2
WBGene00010448,2
WBGene00010416,2
WBGene00010268,2
WBGene00010274,2
WBGene00010306,2
WBGene00010850,2
WBGene00010003,2
WBGene00011018,2
WBGene00011044,2
WBGene00009440,2
WBGene00009531,2
WBGene00011646,2
WBGene00011630,2
WBGene00009542,2
WBGene00011613,2
WBGene00011579,2
WBGene00009594,2
WBGene00009619,2
WBGene00011429,2
WBGene00009653,2
WBGene00011407,2
WBGene00011385,2
WBGene00009661,2
WBGene00011101,2
WBGene00009862,2
WBGene00009920,2
WBGene00008309,2
WBGene00012984,2
WBGene00006670,2
WBGene00015028,2
WBGene00006812,2
WBGene00015266,2
WBGene00006870,2
WBGene00015194,2
WBGene00015158,2
WBGene00006923,2
WBGene00015057,2
WBGene00006936,2
WBGene00006985,2
WBGene00013720,2
WBGene00014243,2
WBGene00014068,2
WBGene00007054,2
WBGene00013999,2
WBGene00007089,2
WBGene00007162,2
WBGene00007178,2
WBGene00013859,2
WBGene00006807,2
WBGene00006797,2
WBGene00015472,2
WBGene00006787,2
WBGene00016075,2
WBGene00006692,2
WBGene00006694,2
WBGene00015984,2
WBGene00006696,2
WBGene00015962,2
WBGene00006710,2
WBGene00015914,2
WBGene00006745,2
WBGene00015815,2
WBGene00015735,2
WBGene00006755,2
WBGene00015648,2
WBGene00006770,2
WBGene00006780,2
WBGene00015517,2
WBGene00006785,2
WBGene00013768,2
WBGene00007333,2
WBGene00013019,2
WBGene00008003,2
WBGene00007894,2
WBGene00013246,2
WBGene00013242,2
WBGene00007921,2
WBGene00013212,2
WBGene00007952,2
WBGene00013189,2
WBGene00013167,2
WBGene00013156,2
WBGene00013699,2
WBGene00013151,2
WBGene00013132,2
WBGene00013106,2
WBGene00013096,2
WBGene00008094,2
WBGene00013079,2
WBGene00013073,2
WBGene00008156,2
WBGene00013272,2
WBGene00013300,2
WBGene00013355,2
WBGene00013361,2
WBGene00013682,2
WBGene00013679,2
WBGene00013666,2
WBGene00013655,2
WBGene00007452,2
WBGene00013639,2
WBGene00013623,2
WBGene00013599,2
WBGene00013593,2
WBGene00007505,2
WBGene00013554,2
WBGene00013545,2
WBGene00013486,2
WBGene00013464,2
WBGene00013446,2
WBGene00013441,2
WBGene00007698,2
WBGene00013765,2
WBGene00010316,2
WBGene00022192,2
WBGene00003600,2
WBGene00021728,2
WBGene00020770,2
WBGene00002189,2
WBGene00001320,2
WBGene00021701,2
WBGene00022741,2
WBGene00022743,2
WBGene00021686,2
WBGene00185089,2
WBGene00020796,2
WBGene00021683,2
WBGene00185078,2
WBGene00020832,2
WBGene00020835,2
WBGene00185055,2
WBGene00000776,2
WBGene00086567,2
WBGene00086560,2
WBGene00020857,2
WBGene00021640,2
WBGene00022769,2
WBGene00002218,2
WBGene00021635,2
WBGene00020702,2
WBGene00022678,2
WBGene00020698,2
WBGene00000528,2
WBGene00000440,2
WBGene00022390,2
WBGene00003561,2
WBGene00020436,2
WBGene00000485,2
WBGene00022427,2
WBGene00020542,2
WBGene00003476,2
WBGene00000509,2
WBGene00022447,2
WBGene00021788,2
WBGene00021733,2
WBGene00001488,2
WBGene00001485,2
WBGene00001470,2
WBGene00020575,2
WBGene00020634,2
WBGene00044401,2
WBGene00000565,2
WBGene00003414,2
WBGene00001377,2
WBGene00021736,2
WBGene00021628,2
WBGene00022801,2
WBGene00020867,2
WBGene00001110,2
WBGene00001589,2
WBGene00003129,2
WBGene00002278,2
WBGene00044065,2
WBGene00021157,2
WBGene00044121,2
WBGene00021175,2
WBGene00003106,2
WBGene00000955,2
WBGene00021464,2
WBGene00003084,2
WBGene00001161,2
WBGene00000962,2
WBGene00002694,2
WBGene00021261,2
WBGene00002889,2
WBGene00021288,2
WBGene00000998,2
WBGene00003015,2
WBGene00044235,2
WBGene00002976,2
WBGene00044358,2
WBGene00003130,2
WBGene00003144,2
WBGene00022858,2
WBGene00021530,2
WBGene00020897,2
WBGene00002229,2
WBGene00003373,2
WBGene00050892,2
WBGene00001215,2
WBGene00023419,2
WBGene00021562,2
WBGene00000878,2
WBGene00020954,2
WBGene00000897,2
WBGene00021528,2
WBGene00021040,2
WBGene00045289,2
WBGene00003174,2
WBGene00021513,2
WBGene00043062,2
WBGene00003166,2
WBGene00003161,2
WBGene00044989,2
WBGene00003153,2
WBGene00002263,2
WBGene00021022,2
WBGene00020403,2
WBGene00002175,2
WBGene00000158,2
WBGene00003734,2
WBGene00001678,2
WBGene00001561,2
WBGene00000100,2
WBGene00022306,2
WBGene00000146,2
WBGene00022035,2
WBGene00022310,2
WBGene00003799,2
WBGene00020082,2
WBGene00022021,2
WBGene00000171,2
WBGene00020128,2
WBGene00001555,2
WBGene00001816,2
WBGene00000233,2
WBGene00021968,2
WBGene00003774,2
WBGene00020171,2
WBGene00001818,2
WBGene00021943,2
WBGene00022352,2
WBGene00001673,2
WBGene00022110,2
WBGene00000062,2
WBGene00000035,2
WBGene00019862,2
WBGene00302978,2
WBGene00302971,2
WBGene00019911,2
WBGene00019914,2
WBGene00271414,2
WBGene00022176,2
WBGene00001607,2
WBGene00019953,2
WBGene00019955,2
WBGene00022138,2
WBGene00019957,2
WBGene00019959,2
WBGene00022173,2
WBGene00001612,2
WBGene00022167,2
WBGene00022142,2
WBGene00022139,2
WBGene00003879,2
WBGene00019973,2
WBGene00206508,2
WBGene00002979,2
WBGene00022371,2
WBGene00002005,2
WBGene00001980,2
WBGene00000395,2
WBGene00201349,2
WBGene00206493,2
WBGene00020183,2
WBGene00022378,2
WBGene00001541,2
WBGene00001535,2
WBGene00021905,2
WBGene00001505,1
WBGene00001148,1
WBGene00001578,1
WBGene00008372,1
WBGene00008381,1
WBGene00001131,1
WBGene00007985,1
WBGene00007556,1
WBGene00008120,1
WBGene00007910,1
WBGene00008395,1
WBGene00001162,1
WBGene00001574,1
WBGene00007877,1
WBGene00007853,1
WBGene00008367,1
WBGene00007816,1
WBGene00007560,1
WBGene00007583,1
WBGene00001537,1
WBGene00007811,1
WBGene00007810,1
WBGene00007964,1
WBGene00007913,1
WBGene00007955,1
WBGene00008432,1
WBGene00007941,1
WBGene00001527,1
WBGene00001023,1
WBGene00001027,1
WBGene00001077,1
WBGene00001587,1
WBGene00001078,1
WBGene00001534,1
WBGene00001079,1
WBGene00001080,1
WBGene00001581,1
WBGene00007948,1
WBGene00008430,1
WBGene00001514,1
WBGene00007545,1
WBGene00008417,1
WBGene00001520,1
WBGene00008407,1
WBGene00008405,1
WBGene00001081,1
WBGene00001579,1
WBGene00001082,1
WBGene00001101,1
WBGene00008401,1
WBGene00007954,1
WBGene00007592,1
WBGene00008361,1
WBGene00001465,1
WBGene00001165,1
WBGene00007728,1
WBGene00007645,1
WBGene00007655,1
WBGene00008178,1
WBGene00001246,1
WBGene00007757,1
WBGene00008175,1
WBGene00008061,1
WBGene00007683,1
WBGene00008171,1
WBGene00008165,1
WBGene00007750,1
WBGene00007697,1
WBGene00001362,1
WBGene00008180,1
WBGene00008065,1
WBGene00001545,1
WBGene00007703,1
WBGene00001544,1
WBGene00007711,1
WBGene00007712,1
WBGene00001345,1
WBGene00001335,1
WBGene00008096,1
WBGene00008150,1
WBGene00001324,1
WBGene00001328,1
WBGene00007771,1
WBGene00001243,1
WBGene00001568,1
WBGene00008042,1
WBGene00007722,1
WBGene00007602,1
WBGene00001457,1
WBGene00001560,1
WBGene00008339,1
WBGene00001179,1
WBGene00007621,1
WBGene00008321,1
WBGene00001194,1
WBGene00001207,1
WBGene00007628,1
WBGene00001559,1
WBGene00007636,1
WBGene00007799,1
WBGene00001404,1
WBGene00008277,1
WBGene00001223,1
WBGene00007639,1
WBGene00001225,1
WBGene00008246,1
WBGene00008226,1
WBGene00008184,1
WBGene00001236,1
WBGene00007935,1
WBGene00001399,1
WBGene00008183,1
WBGene00007923,1
WBGene00003917,1
WBGene00001016,1
WBGene00008472,1
WBGene00000410,1
WBGene00009660,1
WBGene00009702,1
WBGene00009706,1
WBGene00009708,1
WBGene00009711,1
WBGene00009724,1
WBGene00009730,1
WBGene00009731,1
WBGene00009753,1
WBGene00000294,1
WBGene00009790,1
WBGene00009808,1
WBGene00009811,1
WBGene00009831,1
WBGene00009833,1
WBGene00009848,1
WBGene00000289,1
WBGene00000268,1
WBGene00009889,1
WBGene00009907,1
WBGene00000415,1
WBGene00000419,1
WBGene00009647,1
WBGene00009546,1
WBGene00009424,1
WBGene00000549,1
WBGene00009456,1
WBGene00009471,1
WBGene00009475,1
WBGene00009485,1
WBGene00009488,1
WBGene00000518,1
WBGene00000506,1
WBGene00009552,1
WBGene00009636,1
WBGene00009569,1
WBGene00009589,1
WBGene00000458,1
WBGene00000455,1
WBGene00009597,1
WBGene00000449,1
WBGene00000441,1
WBGene00009632,1
WBGene00000431,1
WBGene00000246,1
WBGene00009923,1
WBGene00000237,1
WBGene00010178,1
WBGene00010134,1
WBGene00010136,1
WBGene00010138,1
WBGene00000083,1
WBGene00000068,1
WBGene00000057,1
WBGene00010157,1
WBGene00000056,1
WBGene00000049,1
WBGene00000039,1
WBGene00000089,1
WBGene00010192,1
WBGene00010198,1
WBGene00010212,1
WBGene00000031,1
WBGene00010215,1
WBGene00010257,1
WBGene00010259,1
WBGene00000024,1
WBGene00010300,1
WBGene00010113,1
WBGene00010105,1
WBGene00009942,1
WBGene00010013,1
WBGene00009943,1
WBGene00009975,1
WBGene00009996,1
WBGene00010002,1
WBGene00000227,1
WBGene00000199,1
WBGene00000186,1
WBGene00000184,1
WBGene00010012,1
WBGene00000161,1
WBGene00010103,1
WBGene00000148,1
WBGene00010051,1
WBGene00010058,1
WBGene00000136,1
WBGene00000113,1
WBGene00000110,1
WBGene00000108,1
WBGene00010071,1
WBGene00010083,1
WBGene00000551,1
WBGene00000564,1
WBGene00009401,1
WBGene00008857,1
WBGene00000936,1
WBGene00008753,1
WBGene00000931,1
WBGene00000923,1
WBGene00008779,1
WBGene00000917,1
WBGene00000912,1
WBGene00000908,1
WBGene00000907,1
WBGene00000905,1
WBGene00008735,1
WBGene00008859,1
WBGene00008878,1
WBGene00008887,1
WBGene00008901,1
WBGene00008905,1
WBGene00000891,1
WBGene00008921,1
WBGene00000871,1
WBGene00000836,1
WBGene00000950,1
WBGene00008733,1
WBGene00008960,1
WBGene00008570,1
WBGene00008483,1
WBGene00008504,1
WBGene00008515,1
WBGene00008547,1
WBGene00001006,1
WBGene00008549,1
WBGene00008555,1
WBGene00001000,1
WBGene00008565,1
WBGene00000987,1
WBGene00008707,1
WBGene00008582,1
WBGene00008616,1
WBGene00008654,1
WBGene00000961,1
WBGene00008665,1
WBGene00008670,1
WBGene00000958,1
WBGene00008691,1
WBGene00008698,1
WBGene00008948,1
WBGene00008964,1
WBGene00009371,1
WBGene00000750,1
WBGene00009191,1
WBGene00009233,1
WBGene00000761,1
WBGene00000751,1
WBGene00009245,1
WBGene00009257,1
WBGene00009267,1
WBGene00009281,1
WBGene00009288,1
WBGene00000707,1
WBGene00009138,1
WBGene00000705,1
WBGene00009305,1
WBGene00009314,1
WBGene00000630,1
WBGene00000614,1
WBGene00009337,1
WBGene00009342,1
WBGene00000566,1
WBGene00009364,1
WBGene00009180,1
WBGene00009132,1
WBGene00000834,1
WBGene00009023,1
WBGene00008971,1
WBGene00008974,1
WBGene00000832,1
WBGene00000820,1
WBGene00008980,1
WBGene00008987,1
WBGene00008994,1
WBGene00009015,1
WBGene00000819,1
WBGene00009033,1
WBGene00009119,1
WBGene00009043,1
WBGene00009060,1
WBGene00000815,1
WBGene00000803,1
WBGene00009065,1
WBGene00009081,1
WBGene00000800,1
WBGene00009100,1
WBGene00009106,1
WBGene00000914,1
WBGene00001852,1
WBGene00001591,1
WBGene00004901,1
WBGene00004854,1
WBGene00003412,1
WBGene00004855,1
WBGene00004856,1
WBGene00003411,1
WBGene00004876,1
WBGene00003407,1
WBGene00004886,1
WBGene00004895,1
WBGene00003405,1
WBGene00004958,1
WBGene00003404,1
WBGene00004902,1
WBGene00004904,1
WBGene00004927,1
WBGene00004929,1
WBGene00010315,1
WBGene00004932,1
WBGene00004946,1
WBGene00003393,1
WBGene00004831,1
WBGene00003415,1
WBGene00004826,1
WBGene00003422,1
WBGene00003559,1
WBGene00004732,1
WBGene00003555,1
WBGene00003516,1
WBGene00003507,1
WBGene00004743,1
WBGene00003482,1
WBGene00003479,1
WBGene00003471,1
WBGene00004756,1
WBGene00004759,1
WBGene00004765,1
WBGene00004768,1
WBGene00004775,1
WBGene00004779,1
WBGene00004782,1
WBGene00003423,1
WBGene00004787,1
WBGene00004789,1
WBGene00003387,1
WBGene00004969,1
WBGene00001596,1
WBGene00003246,1
WBGene00005423,1
WBGene00005488,1
WBGene00005507,1
WBGene00005551,1
WBGene00003368,1
WBGene00003367,1
WBGene00003258,1
WBGene00005642,1
WBGene00005670,1
WBGene00003238,1
WBGene00004984,1
WBGene00005717,1
WBGene00005724,1
WBGene00003221,1
WBGene00005779,1
WBGene00003186,1
WBGene00005845,1
WBGene00003175,1
WBGene00005883,1
WBGene00003172,1
WBGene00005404,1
WBGene00005358,1
WBGene00005331,1
WBGene00005316,1
WBGene00004985,1
WBGene00004992,1
WBGene00004994,1
WBGene00003376,1
WBGene00005024,1
WBGene00003374,1
WBGene00005063,1
WBGene00005068,1
WBGene00005077,1
WBGene00005078,1
WBGene00005081,1
WBGene00005111,1
WBGene00005122,1
WBGene00005153,1
WBGene00005174,1
WBGene00005183,1
WBGene00005207,1
WBGene00005282,1
WBGene00005299,1
WBGene00004719,1
WBGene00004703,1
WBGene00004470,1
WBGene00003822,1
WBGene00003837,1
WBGene00004104,1
WBGene00004111,1
WBGene00004112,1
WBGene00004115,1
WBGene00003830,1
WBGene00003827,1
WBGene00004129,1
WBGene00004130,1
WBGene00004131,1
WBGene00003566,1
WBGene00004134,1
WBGene00003808,1
WBGene00003801,1
WBGene00004161,1
WBGene00003800,1
WBGene00004166,1
WBGene00004169,1
WBGene00003797,1
WBGene00004191,1
WBGene00004101,1
WBGene00004095,1
WBGene00003840,1
WBGene00004093,1
WBGene00003936,1
WBGene00003941,1
WBGene00003889,1
WBGene00003885,1
WBGene00003978,1
WBGene00003981,1
WBGene00003994,1
WBGene00004010,1
WBGene00004011,1
WBGene00004013,1
WBGene00004017,1
WBGene00004025,1
WBGene00004029,1
WBGene00004032,1
WBGene00004038,1
WBGene00004043,1
WBGene00003883,1
WBGene00004077,1
WBGene00004085,1
WBGene00003794,1
WBGene00003791,1
WBGene00003790,1
WBGene00004335,1
WBGene00003674,1
WBGene00003668,1
WBGene00003661,1
WBGene00004344,1
WBGene00003657,1
WBGene00003656,1
WBGene00004357,1
WBGene00003639,1
WBGene00004364,1
WBGene00004367,1
WBGene00004381,1
WBGene00004389,1
WBGene00003625,1
WBGene00003611,1
WBGene00004414,1
WBGene00003602,1
WBGene00004462,1
WBGene00003593,1
WBGene00003588,1
WBGene00004338,1
WBGene00003676,1
WBGene00004203,1
WBGene00004332,1
WBGene00004213,1
WBGene00003787,1
WBGene00003777,1
WBGene00004216,1
WBGene00003748,1
WBGene00003735,1
WBGene00004221,1
WBGene00004225,1
WBGene00004233,1
WBGene00004236,1
WBGene00004259,1
WBGene00004267,1
WBGene00004308,1
WBGene00004313,1
WBGene00003696,1
WBGene00003678,1
WBGene00004316,1
WBGene00004319,1
WBGene00004323,1
WBGene00005965,1
WBGene00006039,1
WBGene00006087,1
WBGene00002056,1
WBGene00006928,1
WBGene00006931,1
WBGene00002123,1
WBGene00006938,1
WBGene00002066,1
WBGene00006955,1
WBGene00006957,1
WBGene00006959,1
WBGene00006970,1
WBGene00002053,1
WBGene00002203,1
WBGene00002050,1
WBGene00006988,1
WBGene00002044,1
WBGene00006997,1
WBGene00006999,1
WBGene00007014,1
WBGene00002011,1
WBGene00007017,1
WBGene00007020,1
WBGene00006924,1
WBGene00002140,1
WBGene00002143,1
WBGene00006920,1
WBGene00006790,1
WBGene00006796,1
WBGene00006804,1
WBGene00006805,1
WBGene00002198,1
WBGene00002184,1
WBGene00006808,1
WBGene00006809,1
WBGene00006820,1
WBGene00006823,1
WBGene00006830,1
WBGene00006831,1
WBGene00006836,1
WBGene00006843,1
WBGene00006861,1
WBGene00006868,1
WBGene00002182,1
WBGene00002174,1
WBGene00006915,1
WBGene00007025,1
WBGene00002000,1
WBGene00007028,1
WBGene00007284,1
WBGene00007313,1
WBGene00007314,1
WBGene00007327,1
WBGene00001796,1
WBGene00001768,1
WBGene00001766,1
WBGene00001709,1
WBGene00007348,1
WBGene00001705,1
WBGene00007349,1
WBGene00001683,1
WBGene00007430,1
WBGene00001666,1
WBGene00001647,1
WBGene00007446,1
WBGene00001624,1
WBGene00001608,1
WBGene00007492,1
WBGene00007503,1
WBGene00007307,1
WBGene00007235,1
WBGene00007030,1
WBGene00001803,1
WBGene00007048,1
WBGene00007050,1
WBGene00001993,1
WBGene00001987,1
WBGene00007071,1
WBGene00007100,1
WBGene00007108,1
WBGene00007116,1
WBGene00007137,1
WBGene00007141,1
WBGene00007154,1
WBGene00001857,1
WBGene00007166,1
WBGene00003931,1
WBGene00001828,1
WBGene00007188,1
WBGene00007212,1
WBGene00007230,1
WBGene00001817,1
WBGene00006788,1
WBGene00002205,1
WBGene00006120,1
WBGene00003006,1
WBGene00006391,1
WBGene00006396,1
WBGene00006423,1
WBGene00006428,1
WBGene00006432,1
WBGene00003020,1
WBGene00003012,1
WBGene00006439,1
WBGene00006463,1
WBGene00006476,1
WBGene00006781,1
WBGene00006477,1
WBGene00006479,1
WBGene00003002,1
WBGene00002996,1
WBGene00002991,1
WBGene00002978,1
WBGene00006498,1
WBGene00006508,1
WBGene00006524,1
WBGene00003036,1
WBGene00003047,1
WBGene00003060,1
WBGene00006373,1
WBGene00003149,1
WBGene00003142,1
WBGene00006150,1
WBGene00006157,1
WBGene00006183,1
WBGene00003123,1
WBGene00003111,1
WBGene00006189,1
WBGene00003107,1
WBGene00006251,1
WBGene00006266,1
WBGene00006282,1
WBGene00006306,1
WBGene00003100,1
WBGene00006331,1
WBGene00003090,1
WBGene00006352,1
WBGene00003064,1
WBGene00003063,1
WBGene00002915,1
WBGene00006532,1
WBGene00006533,1
WBGene00002251,1
WBGene00006718,1
WBGene00002245,1
WBGene00002244,1
WBGene00006742,1
WBGene00002241,1
WBGene00006749,1
WBGene00006750,1
WBGene00006752,1
WBGene00002228,1
WBGene00002226,1
WBGene00006759,1
WBGene00006762,1
WBGene00006763,1
WBGene00002222,1
WBGene00006767,1
WBGene00006768,1
WBGene00002219,1
WBGene00006771,1
WBGene00006779,1
WBGene00002248,1
WBGene00006695,1
WBGene00006535,1
WBGene00002252,1
WBGene00002717,1
WBGene00006541,1
WBGene00006563,1
WBGene00002632,1
WBGene00006565,1
WBGene00006567,1
WBGene00006571,1
WBGene00006587,1
WBGene00006595,1
WBGene00002363,1
WBGene00002335,1
WBGene00006596,1
WBGene00002299,1
WBGene00006615,1
WBGene00006631,1
WBGene00006662,1
WBGene00002266,1
WBGene00002264,1
WBGene00006691,1
WBGene00004931,1
WBGene00303364,1
WBGene00010320,1
WBGene00020558,1
WBGene00020389,1
WBGene00020398,1
WBGene00020420,1
WBGene00020421,1
WBGene00020424,1
WBGene00020456,1
WBGene00020471,1
WBGene00020474,1
WBGene00020503,1
WBGene00020527,1
WBGene00020544,1
WBGene00020555,1
WBGene00020666,1
WBGene00020317,1
WBGene00020667,1
WBGene00020672,1
WBGene00020684,1
WBGene00020696,1
WBGene00020703,1
WBGene00020732,1
WBGene00020762,1
WBGene00020792,1
WBGene00020795,1
WBGene00020834,1
WBGene00020839,1
WBGene00020842,1
WBGene00020348,1
WBGene00020299,1
WBGene00020930,1
WBGene00020163,1
WBGene00020031,1
WBGene00020035,1
WBGene00020048,1
WBGene00020051,1
WBGene00020073,1
WBGene00020089,1
WBGene00020114,1
WBGene00020116,1
WBGene00020134,1
WBGene00020140,1
WBGene00020148,1
WBGene00020158,1
WBGene00020172,1
WBGene00020294,1
WBGene00020175,1
WBGene00020177,1
WBGene00020185,1
WBGene00020187,1
WBGene00020208,1
WBGene00020230,1
WBGene00020231,1
WBGene00020251,1
WBGene00020254,1
WBGene00020262,1
WBGene00020275,1
WBGene00020280,1
WBGene00020911,1
WBGene00020932,1
WBGene00010325,1
WBGene00021430,1
WBGene00021309,1
WBGene00021316,1
WBGene00021340,1
WBGene00021350,1
WBGene00021352,1
WBGene00021353,1
WBGene00021365,1
WBGene00021366,1
WBGene00021381,1
WBGene00021390,1
WBGene00021421,1
WBGene00021428,1
WBGene00021438,1
WBGene00021276,1
WBGene00021449,1
WBGene00021461,1
WBGene00021463,1
WBGene00021465,1
WBGene00021472,1
WBGene00021473,1
WBGene00021474,1
WBGene00021477,1
WBGene00021482,1
WBGene00021485,1
WBGene00021496,1
WBGene00021517,1
WBGene00021292,1
WBGene00021256,1
WBGene00020935,1
WBGene00021073,1
WBGene00020938,1
WBGene00020952,1
WBGene00020955,1
WBGene00020957,1
WBGene00020985,1
WBGene00020989,1
WBGene00020993,1
WBGene00021002,1
WBGene00021017,1
WBGene00021020,1
WBGene00021038,1
WBGene00021058,1
WBGene00021083,1
WBGene00021245,1
WBGene00021095,1
WBGene00021103,1
WBGene00021104,1
WBGene00021152,1
WBGene00021161,1
WBGene00021186,1
WBGene00021191,1
WBGene00021204,1
WBGene00021207,1
WBGene00021238,1
WBGene00021241,1
WBGene00021244,1
WBGene00020022,1
WBGene00020017,1
WBGene00020012,1
WBGene00018932,1
WBGene00018747,1
WBGene00018771,1
WBGene00018788,1
WBGene00018816,1
WBGene00018833,1
WBGene00018840,1
WBGene00018847,1
WBGene00018849,1
WBGene00018853,1
WBGene00018857,1
WBGene00018866,1
WBGene00018872,1
WBGene00018954,1
WBGene00018741,1
WBGene00018966,1
WBGene00018969,1
WBGene00018976,1
WBGene00018987,1
WBGene00018996,1
WBGene00019034,1
WBGene00019055,1
WBGene00019069,1
WBGene00019092,1
WBGene00019102,1
WBGene00019113,1
WBGene00019130,1
WBGene00018743,1
WBGene00018721,1
WBGene00019994,1
WBGene00018520,1
WBGene00018316,1
WBGene00018323,1
WBGene00018349,1
WBGene00018369,1
WBGene00018371,1
WBGene00018374,1
WBGene00018377,1
WBGene00018403,1
WBGene00018434,1
WBGene00018462,1
WBGene00018472,1
WBGene00018478,1
WBGene00018543,1
WBGene00018718,1
WBGene00018566,1
WBGene00018572,1
WBGene00018600,1
WBGene00018608,1
WBGene00018618,1
WBGene00018625,1
WBGene00018627,1
WBGene00018669,1
WBGene00018682,1
WBGene00018706,1
WBGene00018711,1
WBGene00018716,1
WBGene00019153,1
WBGene00019174,1
WBGene00019198,1
WBGene00019787,1
WBGene00019640,1
WBGene00019649,1
WBGene00019656,1
WBGene00019682,1
WBGene00019697,1
WBGene00019726,1
WBGene00019754,1
WBGene00019756,1
WBGene00019757,1
WBGene00019764,1
WBGene00019768,1
WBGene00019786,1
WBGene00019792,1
WBGene00019209,1
WBGene00019812,1
WBGene00019821,1
WBGene00019822,1
WBGene00019825,1
WBGene00019836,1
WBGene00019844,1
WBGene00019847,1
WBGene00019872,1
WBGene00019902,1
WBGene00019949,1
WBGene00019965,1
WBGene00019971,1
WBGene00019616,1
WBGene00019592,1
WBGene00019589,1
WBGene00019587,1
WBGene00019240,1
WBGene00019241,1
WBGene00019287,1
WBGene00019313,1
WBGene00019323,1
WBGene00019338,1
WBGene00019341,1
WBGene00019343,1
WBGene00019346,1
WBGene00019347,1
WBGene00019362,1
WBGene00019367,1
WBGene00019369,1
WBGene00019395,1
WBGene00019407,1
WBGene00019408,1
WBGene00019462,1
WBGene00019466,1
WBGene00019483,1
WBGene00019511,1
WBGene00019525,1
WBGene00019540,1
WBGene00019543,1
WBGene00019547,1
WBGene00019562,1
WBGene00021524,1
WBGene00021534,1
WBGene00021545,1
WBGene00077763,1
WBGene00045043,1
WBGene00045364,1
WBGene00045474,1
WBGene00045475,1
WBGene00046487,1
WBGene00047049,1
WBGene00048593,1
WBGene00048602,1
WBGene00077508,1
WBGene00077607,1
WBGene00077690,1
WBGene00077761,1
WBGene00077775,1
WBGene00044895,1
WBGene00119203,1
WBGene00167239,1
WBGene00184956,1
WBGene00189943,1
WBGene00189950,1
WBGene00189956,1
WBGene00194744,1
WBGene00194746,1
WBGene00194842,1
WBGene00194912,1
WBGene00194985,1
WBGene00195165,1
WBGene00044911,1
WBGene00044803,1
WBGene00044035,1
WBGene00044403,1
WBGene00044074,1
WBGene00044091,1
WBGene00044136,1
WBGene00044138,1
WBGene00044142,1
WBGene00044149,1
WBGene00044187,1
WBGene00044207,1
WBGene00044233,1
WBGene00044260,1
WBGene00044300,1
WBGene00044305,1
WBGene00044418,1
WBGene00044726,1
WBGene00044438,1
WBGene00044539,1
WBGene00044544,1
WBGene00044564,1
WBGene00044570,1
WBGene00044575,1
WBGene00044618,1
WBGene00044630,1
WBGene00044636,1
WBGene00044637,1
WBGene00044641,1
WBGene00044651,1
WBGene00195186,1
WBGene00195256,1
WBGene00195387,1
WBGene00219711,1
WBGene00219478,1
WBGene00219567,1
WBGene00219598,1
WBGene00219600,1
WBGene00219601,1
WBGene00219615,1
WBGene00219620,1
WBGene00219628,1
WBGene00219633,1
WBGene00219644,1
WBGene00219650,1
WBGene00219673,1
WBGene00219712,1
WBGene00196753,1
WBGene00219753,1
WBGene00220075,1
WBGene00220256,1
WBGene00220261,1
WBGene00235152,1
WBGene00235256,1
WBGene00235263,1
WBGene00235287,1
WBGene00235352,1
WBGene00269432,1
WBGene00271798,1
WBGene00284848,1
WBGene00219399,1
WBGene00219372,1
WBGene00219337,1
WBGene00219293,1
WBGene00197060,1
WBGene00197923,1
WBGene00197991,1
WBGene00198119,1
WBGene00198310,1
WBGene00199247,1
WBGene00199485,1
WBGene00199508,1
WBGene00199708,1
WBGene00200489,1
WBGene00200718,1
WBGene00200723,1
WBGene00200849,1
WBGene00201074,1
WBGene00201224,1
WBGene00201593,1
WBGene00201721,1
WBGene00201967,1
WBGene00202056,1
WBGene00202484,1
WBGene00202492,1
WBGene00206364,1
WBGene00206370,1
WBGene00206524,1
WBGene00219208,1
WBGene00044061,1
WBGene00043056,1
WBGene00021551,1
WBGene00021987,1
WBGene00021859,1
WBGene00021863,1
WBGene00021875,1
WBGene00021881,1
WBGene00021882,1
WBGene00021890,1
WBGene00021913,1
WBGene00021914,1
WBGene00021922,1
WBGene00021931,1
WBGene00021948,1
WBGene00021983,1
WBGene00022010,1
WBGene00021840,1
WBGene00022013,1
WBGene00022048,1
WBGene00022052,1
WBGene00022054,1
WBGene00022056,1
WBGene00022074,1
WBGene00022090,1
WBGene00022103,1
WBGene00022107,1
WBGene00022117,1
WBGene00022121,1
WBGene00022128,1
WBGene00021846,1
WBGene00021830,1
WBGene00023519,1
WBGene00021714,1
WBGene00021558,1
WBGene00021594,1
WBGene00021597,1
WBGene00021599,1
WBGene00021601,1
WBGene00021613,1
WBGene00021627,1
WBGene00021636,1
WBGene00021645,1
WBGene00021678,1
WBGene00021702,1
WBGene00021703,1
WBGene00021749,1
WBGene00021827,1
WBGene00021750,1
WBGene00021753,1
WBGene00021758,1
WBGene00021765,1
WBGene00021772,1
WBGene00021776,1
WBGene00021778,1
WBGene00021800,1
WBGene00021810,1
WBGene00021813,1
WBGene00021814,1
WBGene00021815,1
WBGene00022140,1
WBGene00022150,1
WBGene00022153,1
WBGene00022682,1
WBGene00022501,1
WBGene00022518,1
WBGene00022531,1
WBGene00022536,1
WBGene00022546,1
WBGene00022549,1
WBGene00022580,1
WBGene00022589,1
WBGene00022606,1
WBGene00022632,1
WBGene00022675,1
WBGene00022681,1
WBGene00022717,1
WBGene00022168,1
WBGene00022720,1
WBGene00022727,1
WBGene00022730,1
WBGene00022753,1
WBGene00022797,1
WBGene00022816,1
WBGene00022835,1
WBGene00023404,1
WBGene00023414,1
WBGene00023489,1
WBGene00023492,1
WBGene00023503,1
WBGene00022499,1
WBGene00022423,1
WBGene00022415,1
WBGene00022391,1
WBGene00022172,1
WBGene00022174,1
WBGene00022175,1
WBGene00022181,1
WBGene00022188,1
WBGene00022195,1
WBGene00022202,1
WBGene00022206,1
WBGene00022218,1
WBGene00022219,1
WBGene00022223,1
WBGene00022242,1
WBGene00022254,1
WBGene00022273,1
WBGene00022274,1
WBGene00022279,1
WBGene00022300,1
WBGene00022316,1
WBGene00022329,1
WBGene00022358,1
WBGene00022365,1
WBGene00022369,1
WBGene00022375,1
WBGene00022380,1
WBGene00022386,1
WBGene00018315,1
WBGene00018283,1
WBGene00018193,1
WBGene00012758,1
WBGene00012656,1
WBGene00012663,1
WBGene00012672,1
WBGene00012673,1
WBGene00012686,1
WBGene00012688,1
WBGene00012701,1
WBGene00012702,1
WBGene00012707,1
WBGene00012712,1
WBGene00012713,1
WBGene00012744,1
WBGene00012759,1
WBGene00012605,1
WBGene00012765,1
WBGene00012785,1
WBGene00012802,1
WBGene00012804,1
WBGene00012809,1
WBGene00012811,1
WBGene00012813,1
WBGene00012829,1
WBGene00012856,1
WBGene00012857,1
WBGene00012894,1
WBGene00012904,1
WBGene00012641,1
WBGene00303233,1
WBGene00012274,1
WBGene00012393,1
WBGene00012293,1
WBGene00012298,1
WBGene00012323,1
WBGene00012330,1
WBGene00012337,1
WBGene00012341,1
WBGene00012342,1
WBGene00012352,1
WBGene00012369,1
WBGene00012374,1
WBGene00012389,1
WBGene00012390,1
WBGene00012423,1
WBGene00012582,1
WBGene00012445,1
WBGene00012459,1
WBGene00012460,1
WBGene00012463,1
WBGene00012471,1
WBGene00012479,1
WBGene00012487,1
WBGene00012538,1
WBGene00012543,1
WBGene00012556,1
WBGene00012558,1
WBGene00012576,1
WBGene00012911,1
WBGene00012917,1
WBGene00012933,1
WBGene00013265,1
WBGene00013186,1
WBGene00013194,1
WBGene00013197,1
WBGene00013202,1
WBGene00013217,1
WBGene00013222,1
WBGene00013228,1
WBGene00013241,1
WBGene00013243,1
WBGene00013259,1
WBGene00013261,1
WBGene00013264,1
WBGene00013270,1
WBGene00012947,1
WBGene00013286,1
WBGene00013287,1
WBGene00013321,1
WBGene00013332,1
WBGene00013340,1
WBGene00013343,1
WBGene00013353,1
WBGene00013359,1
WBGene00013365,1
WBGene00013366,1
WBGene00013379,1
WBGene00013382,1
WBGene00013176,1
WBGene00013173,1
WBGene00013160,1
WBGene00013137,1
WBGene00012967,1
WBGene00012977,1
WBGene00012978,1
WBGene00012982,1
WBGene00012983,1
WBGene00012995,1
WBGene00012996,1
WBGene00012998,1
WBGene00013007,1
WBGene00013015,1
WBGene00013021,1
WBGene00013037,1
WBGene00013040,1
WBGene00013043,1
WBGene00013048,1
WBGene00013078,1
WBGene00013083,1
WBGene00013086,1
WBGene00013094,1
WBGene00013095,1
WBGene00013100,1
WBGene00013104,1
WBGene00013107,1
WBGene00013122,1
WBGene00013126,1
WBGene00012285,1
WBGene00012272,1
WBGene00013424,1
WBGene00011131,1
WBGene00010867,1
WBGene00010879,1
WBGene00010907,1
WBGene00010950,1
WBGene00010975,1
WBGene00010986,1
WBGene00011043,1
WBGene00011055,1
WBGene00011071,1
WBGene00011094,1
WBGene00011096,1
WBGene00011097,1
WBGene00011142,1
WBGene00010809,1
WBGene00011173,1
WBGene00011190,1
WBGene00011207,1
WBGene00011227,1
WBGene00011273,1
WBGene00011277,1
WBGene00011283,1
WBGene00011304,1
WBGene00011311,1
WBGene00011326,1
WBGene00011344,1
WBGene00011353,1
WBGene00010828,1
WBGene00010802,1
WBGene00012235,1
WBGene00010551,1
WBGene00010338,1
WBGene00010366,1
WBGene00010370,1
WBGene00010374,1
WBGene00010391,1
WBGene00010433,1
WBGene00010435,1
WBGene00010439,1
WBGene00010453,1
WBGene00010483,1
WBGene00010510,1
WBGene00010519,1
WBGene00010602,1
WBGene00010788,1
WBGene00010614,1
WBGene00010623,1
WBGene00010644,1
WBGene00010666,1
WBGene00010681,1
WBGene00010682,1
WBGene00010701,1
WBGene00010712,1
WBGene00010714,1
WBGene00010755,1
WBGene00010765,1
WBGene00010768,1
WBGene00011359,1
WBGene00011382,1
WBGene00011411,1
WBGene00012043,1
WBGene00011959,1
WBGene00011962,1
WBGene00011964,1
WBGene00011965,1
WBGene00011966,1
WBGene00011970,1
WBGene00011975,1
WBGene00011990,1
WBGene00011995,1
WBGene00012007,1
WBGene00012018,1
WBGene00012019,1
WBGene00012068,1
WBGene00011433,1
WBGene00012115,1
WBGene00012120,1
WBGene00012123,1
WBGene00012124,1
WBGene00012137,1
WBGene00012139,1
WBGene00012182,1
WBGene00012195,1
WBGene00012197,1
WBGene00012198,1
WBGene00012222,1
WBGene00012230,1
WBGene00011956,1
WBGene00011941,1
WBGene00011939,1
WBGene00011924,1
WBGene00011436,1
WBGene00011476,1
WBGene00011493,1
WBGene00011554,1
WBGene00011568,1
WBGene00011587,1
WBGene00011596,1
WBGene00011597,1
WBGene00011612,1
WBGene00011621,1
WBGene00011658,1
WBGene00011661,1
WBGene00011663,1
WBGene00011675,1
WBGene00011681,1
WBGene00011706,1
WBGene00011726,1
WBGene00011732,1
WBGene00011767,1
WBGene00011827,1
WBGene00011836,1
WBGene00011860,1
WBGene00011878,1
WBGene00011904,1
WBGene00011914,1
WBGene00013385,1
WBGene00013427,1
WBGene00018191,1
WBGene00016797,1
WBGene00016659,1
WBGene00016673,1
WBGene00016676,1
WBGene00016680,1
WBGene00016697,1
WBGene00016704,1
WBGene00016725,1
WBGene00016731,1
WBGene00016757,1
WBGene00016762,1
WBGene00016765,1
WBGene00016791,1
WBGene00016812,1
WBGene00016613,1
WBGene00016829,1
WBGene00016836,1
WBGene00016845,1
WBGene00016849,1
WBGene00016905,1
WBGene00016907,1
WBGene00016914,1
WBGene00016918,1
WBGene00016951,1
WBGene00017004,1
WBGene00017007,1
WBGene00017018,1
WBGene00016654,1
WBGene00016603,1
WBGene00016077,1
WBGene00016407,1
WBGene00016129,1
WBGene00016160,1
WBGene00016173,1
WBGene00016177,1
WBGene00016253,1
WBGene00016259,1
WBGene00016261,1
WBGene00016292,1
WBGene00016309,1
WBGene00016315,1
WBGene00016389,1
WBGene00016393,1
WBGene00016415,1
WBGene00016570,1
WBGene00016417,1
WBGene00016432,1
WBGene00016469,1
WBGene00016508,1
WBGene00016513,1
WBGene00016530,1
WBGene00016539,1
WBGene00016540,1
WBGene00016542,1
WBGene00016550,1
WBGene00016555,1
WBGene00016557,1
WBGene00017039,1
WBGene00017054,1
WBGene00017071,1
WBGene00017907,1
WBGene00017576,1
WBGene00017578,1
WBGene00017580,1
WBGene00017590,1
WBGene00017674,1
WBGene00017678,1
WBGene00017699,1
WBGene00017773,1
WBGene00017782,1
WBGene00017798,1
WBGene00017889,1
WBGene00017899,1
WBGene00017931,1
WBGene00017083,1
WBGene00017934,1
WBGene00017957,1
WBGene00017976,1
WBGene00017979,1
WBGene00018035,1
WBGene00018044,1
WBGene00018075,1
WBGene00018076,1
WBGene00018093,1
WBGene00018094,1
WBGene00018141,1
WBGene00018150,1
WBGene00017552,1
WBGene00017530,1
WBGene00017515,1
WBGene00017463,1
WBGene00017108,1
WBGene00017146,1
WBGene00017177,1
WBGene00017193,1
WBGene00017201,1
WBGene00017210,1
WBGene00017220,1
WBGene00017230,1
WBGene00017237,1
WBGene00017258,1
WBGene00017266,1
WBGene00017280,1
WBGene00017286,1
WBGene00017312,1
WBGene00017319,1
WBGene00017332,1
WBGene00017335,1
WBGene00017381,1
WBGene00017389,1
WBGene00017403,1
WBGene00017421,1
WBGene00017429,1
WBGene00017431,1
WBGene00017435,1
WBGene00017445,1
WBGene00016104,1
WBGene00016073,1
WBGene00013429,1
WBGene00013970,1
WBGene00013865,1
WBGene00013872,1
WBGene00013883,1
WBGene00013899,1
WBGene00013900,1
WBGene00013911,1
WBGene00013914,1
WBGene00013919,1
WBGene00013944,1
WBGene00013946,1
WBGene00013950,1
WBGene00013955,1
WBGene00014012,1
WBGene00013805,1
WBGene00014028,1
WBGene00014033,1
WBGene00014035,1
WBGene00014051,1
WBGene00014057,1
WBGene00014073,1
WBGene00014078,1
WBGene00014094,1
WBGene00014145,1
WBGene00014151,1
WBGene00014176,1
WBGene00014202,1
WBGene00013845,1
WBGene00013750,1
WBGene00016025,1
WBGene00013601,1
WBGene00013434,1
WBGene00013443,1
WBGene00013455,1
WBGene00013458,1
WBGene00013482,1
WBGene00013487,1
WBGene00013496,1
WBGene00013529,1
WBGene00013538,1
WBGene00013550,1
WBGene00013579,1
WBGene00013595,1
WBGene00013650,1
WBGene00013746,1
WBGene00013651,1
WBGene00013668,1
WBGene00013676,1
WBGene00013677,1
WBGene00013688,1
WBGene00013693,1
WBGene00013709,1
WBGene00013711,1
WBGene00013735,1
WBGene00013739,1
WBGene00013740,1
WBGene00013744,1
WBGene00014208,1
WBGene00014761,1
WBGene00014997,1
WBGene00015653,1
WBGene00015481,1
WBGene00015492,1
WBGene00015494,1
WBGene00015512,1
WBGene00015525,1
WBGene00015561,1
WBGene00015591,1
WBGene00015600,1
WBGene00015608,1
WBGene00015609,1
WBGene00015633,1
WBGene00015650,1
WBGene00015662,1
WBGene00015002,1
WBGene00015704,1
WBGene00015743,1
WBGene00015796,1
WBGene00015797,1
WBGene00015828,1
WBGene00015868,1
WBGene00015926,1
WBGene00015944,1
WBGene00015948,1
WBGene00015968,1
WBGene00015988,1
WBGene00016013,1
WBGene00015476,1
WBGene00015442,1
WBGene00015435,1
WBGene00015433,1
WBGene00015005,1
WBGene00015008,1
WBGene00015027,1
WBGene00015029,1
WBGene00015038,1
WBGene00015076,1
WBGene00015100,1
WBGene00015115,1
WBGene00015156,1
WBGene00015160,1
WBGene00015165,1
WBGene00015188,1
WBGene00015199,1
WBGene00015249,1
WBGene00015279,1
WBGene00015288,1
WBGene00015296,1
WBGene00015298,1
WBGene00015299,1
WBGene00015300,1
WBGene00015301,1
WBGene00015372,1
WBGene00015377,1
WBGene00015378,1
WBGene00015430,1
WBGene00012598,1
